Workbook

Sheet Synthèse
A1: Interface d'exercice
A2: Tout est calculé depuis les onglets. Les estimations en heures (texte bleu) se modifient dans les onglets « Sous-tâches ».
J3: Heures par jour | K3: 7
A4: Projet | B4: Tickets | C4: Story points | D4: Sous-tâches | E4: Charge (h) | F4: Charge (jours, 7 h/j) | G4: Sous-tâches terminées | H4: Avancement
A5: P3 - Sécurité code | B5: =COUNTA('P3 - Sécurité code'!A2:A300) -> 24 | C5: =SUM('P3 - Sécurité code'!I2:I300) -> 128 | D5: =COUNTA('P3 - Sous-tâches'!B2:B1000) -> 72 | E5: =SUM('P3 - Sous-tâches'!E2:E1000) -> 289 | F5: =IF($K$3=0,0,E5/$K$3) -> 41.285714 | G5: =COUNTIF('P3 - Sous-tâches'!F2:F1000,"Terminé") -> 0 | H5: =IF(D5=0,0,G5/D5) -> 0
A12: Charge par rôle (heures)
A13: Rôle | B13: Libellé | C13: P3 - Sécurité code | D13: Total
A14: BE | B14: Backend (FastAPI) | C14: =SUMIF('P3 - Sous-tâches'!C2:C1000,A14,'P3 - Sous-tâches'!E2:E1000) -> 148 | D14: =SUM(C14:C14) -> 148
A15: FE | B15: Frontend web (React) | C15: =SUMIF('P3 - Sous-tâches'!C2:C1000,A15,'P3 - Sous-tâches'!E2:E1000) -> 53 | D15: =SUM(C15:C15) -> 53
A16: MOB | B16: Mobile (Expo) | C16: =SUMIF('P3 - Sous-tâches'!C2:C1000,A16,'P3 - Sous-tâches'!E2:E1000) -> 0 | D16: =SUM(C16:C16) -> 0
A17: IA | B17: IA / prompts (Claude) | C17: =SUMIF('P3 - Sous-tâches'!C2:C1000,A17,'P3 - Sous-tâches'!E2:E1000) -> 12 | D17: =SUM(C17:C17) -> 12
A18: ML | B18: Machine learning | C18: =SUMIF('P3 - Sous-tâches'!C2:C1000,A18,'P3 - Sous-tâches'!E2:E1000) -> 0 | D18: =SUM(C18:C18) -> 0
A19: DATA | B19: Données | C19: =SUMIF('P3 - Sous-tâches'!C2:C1000,A19,'P3 - Sous-tâches'!E2:E1000) -> 2 | D19: =SUM(C19:C19) -> 2
A20: DEVOPS | B20: DevOps / infra | C20: =SUMIF('P3 - Sous-tâches'!C2:C1000,A20,'P3 - Sous-tâches'!E2:E1000) -> 19 | D20: =SUM(C20:C20) -> 19
A21: QA | B21: Qualité / tests | C21: =SUMIF('P3 - Sous-tâches'!C2:C1000,A21,'P3 - Sous-tâches'!E2:E1000) -> 33 | D21: =SUM(C21:C21) -> 33
A22: IOT | B22: IoT / matériel | C22: =SUMIF('P3 - Sous-tâches'!C2:C1000,A22,'P3 - Sous-tâches'!E2:E1000) -> 0 | D22: =SUM(C22:C22) -> 0
A23: PO | B23: Produit | C23: =SUMIF('P3 - Sous-tâches'!C2:C1000,A23,'P3 - Sous-tâches'!E2:E1000) -> 22 | D23: =SUM(C23:C23) -> 22
A24: REG | B24: Réglementaire / conformité | C24: =SUMIF('P3 - Sous-tâches'!C2:C1000,A24,'P3 - Sous-tâches'!E2:E1000) -> 0 | D24: =SUM(C24:C24) -> 0
B25: Contrôle (doit égaler la charge en E5) | D25: =SUM(D14:D24) -> 289
A27: Hypothèses : story points en Fibonacci ; heures = estimation initiale par sous-tâche, à affiner en planning ; 7 h productives par jour (modifiable en K3).

Sheet P3 - Sécurité code
A1: ID | B1: Epic | C1: Type | D1: Titre | E1: Description / User story | F1: Spécifications techniques | G1: Critères d'acceptation | H1: Priorité | I1: Story points | J1: Charge estimée (h) | K1: Nb sous-tâches | L1: Sprint | M1: Labels
A2: SS-1 | B2: Socle technique | C2: Tâche | D2: Initialiser repos, CI et workers | E2: FastAPI, React/Vite, Redis, workers d'analyse Docker éphémères. | F2: Monorepo `apps/api` (FastAPI 3.12), `apps/web` (React 18 + Vite), `workers/scanner` (ARQ + Redis). CI : lint, tests, build d'images. Image scanner séparée contenant les outils d'analyse. | G2: CI verte ; un worker exécute une tâche isolée | H2: Critique | I2: 5 | J2: =SUMIF('P3 - Sous-tâches'!$A$2:$A$1000,A2,'P3 - Sous-tâches'!$E$2:$E$1000) -> 11 | K2: =COUNTIF('P3 - Sous-tâches'!$A$2:$A$1000,A2) -> 3 | L2: S1 | M2: devops
A3: SS-2 | B3: Authentification | C3: Story | D3: Comptes et organisations | E3: En tant que CTO, je crée une organisation et invite mon équipe. | F3: `organizations`, `memberships` (role: owner|admin|member), `invitations` (token, expiry). Toutes les requêtes filtrées par `org_id` via dépendance FastAPI `current_org()`. Tests d'isolation cross-tenant. | G3: Rôles admin/membre ; invitations e-mail ; isolation multi-tenant testée | H3: Critique | I3: 5 | J3: =SUMIF('P3 - Sous-tâches'!$A$2:$A$1000,A3,'P3 - Sous-tâches'!$E$2:$E$1000) -> 18 | K3: =COUNTIF('P3 - Sous-tâches'!$A$2:$A$1000,A3) -> 4 | L3: S1 | M3: backend
A4: SS-3 | B4: Import | C4: Story | D4: Upload d'archive ZIP et collage de code | E4: En tant que développeur, j'importe mon code par ZIP ou collage. | F4: `POST /projects/{id}/uploads` (ZIP ≤ 100 Mo, protection zip-slip et zip-bomb) ou `POST /snippets`. Détection langages par extensions + fichiers manifestes. Stockage temporaire chiffré, suppression après scan. | G4: Limite de taille ; détection des langages ; archive supprimée après analyse | H4: Haute | I4: 3 | J4: =SUMIF('P3 - Sous-tâches'!$A$2:$A$1000,A4,'P3 - Sous-tâches'!$E$2:$E$1000) -> 11 | K4: =COUNTIF('P3 - Sous-tâches'!$A$2:$A$1000,A4) -> 3 | L4: S1 | M4: backend, web
A5: SS-4 | B5: Sécurité plateforme | C5: Tâche | D5: Sandbox d'analyse éphémère | E5: Chaque analyse tourne dans un conteneur isolé, sans réseau sortant, détruit ensuite. | F5: Conteneur par scan : utilisateur non-root, FS en lecture seule sauf `/work`, `--network none`, limites CPU/RAM/temps, destruction en fin de job. Aucune exécution du code analysé. | G5: Aucun accès réseau ; suppression vérifiée ; test d'isolation | H5: Critique | I5: 8 | J5: =SUMIF('P3 - Sous-tâches'!$A$2:$A$1000,A5,'P3 - Sous-tâches'!$E$2:$E$1000) -> 15 | K5: =COUNTIF('P3 - Sous-tâches'!$A$2:$A$1000,A5) -> 3 | L5: S1 | M5: sécurité, devops
A6: SS-5 | B6: Analyse | C6: Story | D6: Intégrer le moteur de règles statiques | E6: Exécuter un moteur SAST open source sur Python, JS/TS, PHP, Java. | F6: Adaptateur autour d'un moteur SAST open source (sortie SARIF) + jeux de règles par langage + règles maison. Normalisation vers `findings` : rule_id, cwe, owasp, file, start_line, end_line, snippet_hash, raw_severity. | G6: Findings normalisés (fichier, lignes, règle, CWE) | H6: Critique | I6: 8 | J6: =SUMIF('P3 - Sous-tâches'!$A$2:$A$1000,A6,'P3 - Sous-tâches'!$E$2:$E$1000) -> 18 | K6: =COUNTIF('P3 - Sous-tâches'!$A$2:$A$1000,A6) -> 4 | L6: S2 | M6: analyse
A7: SS-6 | B7: Analyse | C7: Story | D7: Détection de secrets | E7: Détecter clés d'API, mots de passe et jetons commités. | F7: Détection par motifs + entropie. Stockage : type, fichier, ligne, empreinte SHA-256 tronquée ; **jamais la valeur**. Affichage masqué (`sk_****`). | G7: Valeurs jamais stockées en clair ; affichage masqué ; emplacement précis | H7: Critique | I7: 5 | J7: =SUMIF('P3 - Sous-tâches'!$A$2:$A$1000,A7,'P3 - Sous-tâches'!$E$2:$E$1000) -> 9 | K7: =COUNTIF('P3 - Sous-tâches'!$A$2:$A$1000,A7) -> 3 | L7: S2 | M7: analyse, sécurité
A8: SS-7 | B8: Analyse | C8: Story | D8: Analyse des dépendances (SCA) | E8: Identifier les bibliothèques avec CVE connues. | F8: Parsing requirements.txt / pyproject, package.json + lockfile, composer.json/lock, pom.xml. Croisement avec une base publique d'advisories (API open source). Sortie : package, version, advisory, fixed_version. | G8: Lecture des manifests (requirements, package.json, composer, pom) ; version corrigée indiquée | H8: Haute | I8: 5 | J8: =SUMIF('P3 - Sous-tâches'!$A$2:$A$1000,A8,'P3 - Sous-tâches'!$E$2:$E$1000) -> 12 | K8: =COUNTIF('P3 - Sous-tâches'!$A$2:$A$1000,A8) -> 3 | L8: S2 | M8: analyse
A9: SS-8 | B9: Analyse | C9: Tâche | D9: Jeu de référence de vulnérabilités | E9: Constituer un benchmark à partir d'applications volontairement vulnérables open source. | F9: Corpus d'applications volontairement vulnérables open source + annotations de vérité terrain (fichier, ligne, CWE). Script `benchmark.py` calculant rappel, précision, faux positifs, exécuté en CI nocturne. | G9: Rappel et faux positifs calculés automatiquement en CI | H9: Haute | I9: 5 | J9: =SUMIF('P3 - Sous-tâches'!$A$2:$A$1000,A9,'P3 - Sous-tâches'!$E$2:$E$1000) -> 14 | K9: =COUNTIF('P3 - Sous-tâches'!$A$2:$A$1000,A9) -> 3 | L9: S2 | M9: qa
A10: SS-9 | B10: IA | C10: Story | D10: Validation contextuelle des alertes | E10: L'IA analyse l'extrait et son contexte pour confirmer ou écarter l'alerte. | F10: Pour chaque finding : extraction du contexte (fonction englobante + imports + appels, ≤ 150 lignes). Prompt Claude → JSON {verdict: true_positive|false_positive|uncertain, confidence, reason}. Findings `false_positive` à haute confiance masqués par défaut. | G10: Sortie JSON structurée ; faux positifs < 15 % sur le benchmark | H10: Critique | I10: 8 | J10: =SUMIF('P3 - Sous-tâches'!$A$2:$A$1000,A10,'P3 - Sous-tâches'!$E$2:$E$1000) -> 18 | K10: =COUNTIF('P3 - Sous-tâches'!$A$2:$A$1000,A10) -> 4 | L10: S3 | M10: ia
A11: SS-10 | B11: IA | C11: Story | D11: Explication pédagogique de la faille | E11: En tant que développeur, je comprends la faille, le scénario d'attaque conceptuel et l'impact métier. | F11: Prompt pédagogique en français : définition, scénario d'attaque **conceptuel** (sans exploit ni payload fonctionnel), impact métier, niveau de difficulté, références OWASP/CWE. Filtre de sortie bloquant les charges offensives. | G11: Explication en français ; aucune charge offensive exploitable ; référence OWASP/CWE | H11: Critique | I11: 5 | J11: =SUMIF('P3 - Sous-tâches'!$A$2:$A$1000,A11,'P3 - Sous-tâches'!$E$2:$E$1000) -> 9 | K11: =COUNTIF('P3 - Sous-tâches'!$A$2:$A$1000,A11) -> 3 | L11: S3 | M11: ia
A12: SS-11 | B12: IA | C12: Story | D12: Proposition de correctif | E12: En tant que développeur, je vois un diff avant/après avec explication. | F12: Prompt correctif → JSON {patched_code, diff, explanation, best_practices[]}. Vérification syntaxique du correctif (parseur du langage). Diff unifié affiché côté front. | G12: Diff affiché ; correctif compilable sur 80 % du benchmark ; bouton copier | H12: Critique | I12: 8 | J12: =SUMIF('P3 - Sous-tâches'!$A$2:$A$1000,A12,'P3 - Sous-tâches'!$E$2:$E$1000) -> 16 | K12: =COUNTIF('P3 - Sous-tâches'!$A$2:$A$1000,A12) -> 4 | L12: S3 | M12: ia
A13: SS-12 | B13: IA | C13: Tâche | D13: Maîtrise des coûts IA | E13: Envoyer uniquement les extraits pertinents et mettre en cache. | F13: Budget de tokens par scan selon l'offre ; regroupement des findings d'un même fichier ; cache par (snippet_hash, rule_id, model_version). Métriques de coût par scan. | G13: Coût moyen par analyse mesuré et plafonné par offre | H13: Haute | I13: 3 | J13: =SUMIF('P3 - Sous-tâches'!$A$2:$A$1000,A13,'P3 - Sous-tâches'!$E$2:$E$1000) -> 8 | K13: =COUNTIF('P3 - Sous-tâches'!$A$2:$A$1000,A13) -> 3 | L13: S3 | M13: ia, backend
... A25: SS-24 | B25: Formation (V2) | C25: Epic | D25: Mode formation code sécurisé | E25: Exercices de code vulnérable à corriger avec correction IA. | F25: Catalogue d'exercices (code vulnérable + tests), correction IA, progression par apprenant. | G25: 10 exercices ; suivi de progression | H25: Basse | I25: 8 | J25: =SUMIF('P3 - Sous-tâches'!$A$2:$A$1000,A25,'P3 - Sous-tâches'!$E$2:$E$1000) -> 14 | K25: =COUNTIF('P3 - Sous-tâches'!$A$2:$A$1000,A25) -> 2 | L25: V2 | M25: formation

Sheet P3 - Sous-tâches
A1: Ticket parent | B1: ID sous-tâche | C1: Rôle | D1: Sous-tâche | E1: Estimation (h) | F1: Statut | G1: Assigné à
A2: SS-1 | B2: SS-1.1 | C2: DEVOPS | D2: Structure monorepo + lint | E2: 3 | F2: À faire
A3: SS-1 | B3: SS-1.2 | C3: DEVOPS | D3: Workers ARQ + Redis | E3: 4 | F3: À faire
A4: SS-1 | B4: SS-1.3 | C4: DEVOPS | D4: CI + build des images | E4: 4 | F4: À faire
A5: SS-2 | B5: SS-2.1 | C5: BE | D5: Modèles + endpoints organisations et invitations | E5: 6 | F5: À faire
A6: SS-2 | B6: SS-2.2 | C6: BE | D6: Middleware d'isolation multi-tenant | E6: 4 | F6: À faire
A7: SS-2 | B7: SS-2.3 | C7: FE | D7: Écrans organisation, membres, invitations | E7: 5 | F7: À faire
A8: SS-2 | B8: SS-2.4 | C8: QA | D8: Tests d'isolation | E8: 3 | F8: À faire
A9: SS-3 | B9: SS-3.1 | C9: BE | D9: Upload sécurisé (zip-slip, taille, ratio) | E9: 5 | F9: À faire
A10: SS-3 | B10: SS-3.2 | C10: BE | D10: Détection des langages | E10: 2 | F10: À faire
A11: SS-3 | B11: SS-3.3 | C11: FE | D11: Écran d'import (drag & drop + éditeur) | E11: 4 | F11: À faire
A12: SS-4 | B12: SS-4.1 | C12: DEVOPS | D12: Profil de conteneur durci | E12: 6 | F12: À faire
A13: SS-4 | B13: SS-4.2 | C13: BE | D13: Orchestration job → conteneur → résultats | E13: 6 | F13: À faire
... A73: SS-24 | B73: SS-24.2 | C73: FE | D73: Interface d'exercice | E73: 6 | F73: À faire
